{"W1": [[2.2265331453402206, -0.44812835550987773, -0.7854592553520633, -0.7837541790042827, 0.6505522078944491, -2.1965422467293236, 1.6157461587215778], [-0.6913837224060068, 0.2703089114051004, -0.3341823093565381, 1.3893862352181414, -2.0820459501993014, -0.37786723350511925, -0.3977521194451761], [1.6643445442080236, -0.894254040007142, -0.32552894179837205, -0.5810513163207613, 0.05393738408656724, 0.5220853293251589, -0.9405435028438113], [1.7385642003026978, 0.99999782679508, 0.25517305800068935, 1.1142773083214084, -0.6456732286183854, -0.18071679497099735, -0.6495139758214596], [-0.4830370702185749, 0.5082907506831302, -0.5768266724292904, -0.4160720055894276, -0.6341069932433786, -0.8226835958435026, -0.7575111351460754], [-0.0870629646842617, -1.1440617081105566, 0.24080466883295715, 1.6207724678467643, 0.7191610219950952, -0.19670565191605852, -0.8744944973137612], [-0.5706996831239521, 1.7311195898354164, 0.031028633733301045, -0.5494560023967463, 0.22430813235978628, 2.1056550057365246, 0.26218039968050383], [0.17022904495297417, 0.17153220794958107, -0.1528678799303347, -1.368217711571808, -0.3455225862268996, -0.1578641431684959, 0.4544958112645231], [0.849288646515734, 0.9300026235173356, 0.2871717324466747, 0.8946488734496562, -0.728639720628202, 1.2474338899169366, 0.4969287340434067], [-0.20279654829696328, 0.5498081482799585, -0.1005464047120876, 1.2264837396263355, 1.5236255682020814, 2.183245209416715, -1.3434262970068205], [-1.8611067519373234, -0.6288080300530646, 0.23901533062952265, 0.6468969854190798, 0.2748623699626475, -1.9531548781471866, -0.4361119929473721], [0.8475954774359966, 0.23328604034692146, 0.7571519671554076, -0.22238266652192326, -0.20839268992958473, 0.1803097898638268, 0.42138627125591827], [-0.07637096287756416, -0.003539230083771544, -0.6769348859215141, 0.22254003793844393, 0.059591797728183044, 1.0852452755648556, 1.030707580480891], [0.08773575328381877, -0.4784654797034462, -0.759484907872541, 0.29701695160522795, -0.01062698117170272, -0.4631302446885162, -0.05256698696543085], [-1.2239564895487995, 0.476321047449493, -0.2704165893249519, 0.8365924246156642, 0.27920550768015934, 0.6173969789933047, -1.324944160617608], [-0.12434530909273166, 0.6585068619376909, -0.8477079470294241, -0.39597102133175227, 0.03996191346381373, -1.3683785344573038, 0.2116219656976787]], "b1": [[0.383743700430814], [-1.0973617662989987], [0.18565639987757884], [-1.4210195016544027], [0.11033724143668569], [-1.5861991344391408], [1.1517084140547011], [0.496473970569996], [-0.025999100503532116], [-0.684655670270455], [1.2409214589002662], [1.9454220248605667], [-1.954066076033636], [1.0308435108605314], [1.522803749650579], [0.41013868194726977]], "W2": [[-1.179634278040906, 0.815885020974055, -0.23373349813989874, -0.5867864822054133, -1.2989547533291037, 0.521132638118954, 0.7206056720791025, -0.6528016001064345, 0.508730237130573, -1.1926136464187582, 0.6607123760677694, -0.022185941381693528, -0.14350796917621386, -0.15784410382072026, 0.7751096680076666, 0.713863044738542], [0.6294810405308366, 0.11374947447544376, 0.06302093630641292, 0.7397358260369267, 0.1750852564514493, 0.6692686166580878, -0.3793345585366747, -2.4467744889903784, 1.0866948627093376, 2.1270677929888806, 0.27434063346157356, -0.13560671009138708, -0.06574947725670302, -0.11623680400354135, -0.07054032550655583, -1.0929618043178198], [-0.512235101395684, -0.9871312340293249, 0.26157074120367946, -0.3107606354032907, 0.5126367387735926, -0.16586945664912586, 1.0085884803978455, 0.22767851988952187, 2.1921088039154824, -1.8777258897231786, -0.5998626628463359, 0.9237407268231675, 2.5221951439536228, -0.22835284517164087, 0.0737725048943937, -0.21247733056749443], [1.363254979657357, -0.32644764974598345, 0.6660101044245558, -0.2549952960837334, -1.3207155298183992, 0.3029051589337322, 0.46527310653890186, 1.2655273698934741, -0.10650661708333203, -0.6369768263125648, 0.44612910038481635, 0.20851602438362346, 0.30986040428928896, -0.10868131430980167, 1.10796976624543, 0.3427316062962436], [2.126203700810848, 1.1005960845802722, 0.738765605728111, -1.358882556555762, 0.5631966806008464, 0.470729160214593, 0.9641263984795397, 1.101965081250668, -0.144880149130816, 0.9648983696246722, -0.6947661495017007, 2.1404358291245305, -1.1834934553758953, -1.6480596558869463, -1.5470397077519527, -0.83480496811529], [-1.368900646403324, 1.9330536907076141, -0.4264611572090413, -1.676778274079629, 1.131287181084572, -0.6223423976224248, -1.286355586938706, 0.8324915502516073, 0.4008345813458663, -0.4536370328982253, 1.5918724074218045, 0.006915793571009881, 1.4749858994888836, 0.36073587240254884, 1.529239419425205, -0.003947390166944086], [-1.234158918339342, 2.4711279463924125, -0.537061421211986, -0.229904017244574, -0.6744875717846929, -0.19508942954143446, 0.2762989118445387, 0.2203036609533616, 0.6711742379947354, 1.8157429339387654, -0.05549028519302977, -1.2041086078895937, -1.192066903080336, -0.6420615694137866, -1.6352306936883552, 0.8394808021859372], [-0.46045223523284695, -0.32830271119354726, -0.00252595567889601, -1.3602770170858776, -0.8873355442039622, 0.669874613191574, 0.6277250777321046, -0.43564406118297955, 1.8471706869379616, -1.2941674142682416, -0.4057092767768857, -0.21880962683058844, -2.753738329910094, 1.9394407443133486, 0.35746215191085273, -1.0474106522644617], [2.070687533311378, 0.5946710430745603, 0.4501779577923242, -0.5771593979697451, 0.11405822971278762, -1.5104859687472703, 0.8280301029611004, -0.3629816663182531, 0.16928868845791606, 1.2322280634231357, 0.2969099472173542, 0.2988164569052792, 0.2867489355166392, -0.7075257825299449, 0.8691309110589927, 1.5565051211520742], [0.8250782179909377, 0.8352852329431705, -0.900697536004448, -0.7570551717401707, -1.5184285342231258, 1.210871751682449, -0.31485226799068067, 1.3653397191516632, -0.7506162120491644, -0.4765372382672688, -0.10391876161575916, 0.8746604555469494, 0.12395056509183572, 0.1682457034621172, -0.07713382699108728, 0.14871615041335787], [-0.994392274636335, 0.08550094003786571, -0.12493796151578948, 0.11719032280784117, 0.4843399646320753, -0.633539096760944, 0.019600974042178892, -0.26908337721570763, 0.5645095512956708, 0.8978047498158955, -1.0030717478888589, 0.7058442179658804, 2.1505335194760384, -1.3877265172281568, -0.7350984896751416, -0.8407462163672793], [-0.40671867825562447, 1.6046358326777215, -0.07422025343378924, -0.8542675541188287, 0.6082813384343286, -0.6522897606343132, 0.960943014059438, 0.24174043001490167, 1.2019011122442513, -0.8044469210269565, 3.0302663203826925, 0.6505346629976453, 0.5760555954179443, -0.1604394796766405, -0.8607563304357926, -0.9268990656105733], [-0.3329290744841995, -0.7343790041390779, 0.23562891654244, -1.1126435601691989, 0.7166591099443853, 0.9324807456295265, -0.7146658601047051, 1.201484679607244, -0.4080962251274481, 1.106932810495567, 0.7165581552387564, 1.0688792688526365, -1.1372617076473486, -0.14410079617556668, 1.4811984097143303, -0.6414442297172913], [-2.0281653522307175, -1.813409954695177, -2.3794732078778065, -2.363328395045244, -0.21072126483317358, 1.3424530001102528, -0.03809386224097417, 0.5543423842639346, 0.036242892824413446, 0.2917433996468599, 0.36968273765389464, 0.17633521684594805, 0.42046000350752905, -0.955959858337055, 1.4082126870265066, 1.0282013680885151], [-0.17876813436881453, 0.8184806907754955, -0.6782322745921772, -0.5073371232717409, 0.16633094413539629, -0.17786814291019298, -0.4154318230497213, -0.6589718034487057, -0.5218480075596733, 0.9690789330904077, -1.930525066271193, 0.3879096390582334, -0.22596287852441055, 0.7546610043459098, 0.5479800063003772, -2.7683936035515386], [0.5993970699632412, 0.3314041661911232, 0.035823004961342865, -0.4613067057115181, 0.8636024293423076, -0.402148937741928, 1.8581125674443022, 0.5760744582527175, 2.1546515354859292, -0.764631255060212, -1.73083722425227, 0.7406796853515398, 0.8556501387804613, 0.05631331668861458, 