{"W1": [[2.271926995185573, -0.39638585033012175, -0.726466075917967, -0.7334945711955033, 0.6919327010701265, -2.1973260419029863, 1.5854016522978793], [-0.6786225627721608, 0.2812509466616436, -0.32269939943834375, 1.4040457758167286, -2.0596548904215406, -0.3888985866802462, -0.3853896873652637], [1.6731121744469954, -0.9031682578063631, -0.3347788859364287, -0.5914770155239082, 0.045675243775525586, 0.5008626043096198, -0.9226965166056591], [1.7277148841422376, 0.9823449676979343, 0.27250745919490005, 1.1126691716970518, -0.6318253693410447, -0.14921785770471485, -0.6739209629491004], [-0.5024190482927552, 0.478099816389656, -0.606713003815251, -0.42119116258873324, -0.6429969505162361, -0.7918136775405504, -0.7641692753676428], [-0.0892968467448749, -1.134713246743391, 0.24955929527381518, 1.6041086835417568, 0.7197578761437903, -0.20672600645556025, -0.8868639725426983], [-0.5581734818147316, 1.7490020071448895, 0.014471762481092143, -0.5555118135206848, 0.22642007128118063, 2.106256662312961, 0.26388820094298476], [0.22240518758895436, 0.17648381376775119, -0.16757715487940628, -1.3166364711681837, -0.3475454128277534, -0.15729851211945986, 0.47290977929357564], [0.8490898840695694, 0.9323668202875424, 0.29051295323910664, 0.8963309045792431, -0.724192891777853, 1.2471005994237836, 0.5083762188074021], [-0.22969269385904753, 0.5482682929182603, -0.09474497427140284, 1.203293509971862, 1.5214794488581342, 2.186841994305, -1.3699327363307963], [-1.864056265771201, -0.6507588839425711, 0.24081676159099108, 0.6178630138643917, 0.2770156898458945, -1.9647268007542713, -0.4054528452895811], [0.8526522373361852, 0.23337092119448405, 0.7572032435757974, -0.22099425453439975, -0.21076400194979908, 0.1744197877623385, 0.4209583026013296], [-0.06617482072718994, 0.0016436086316340916, -0.663095160135844, 0.22642355026282648, 0.05332742416826131, 1.0929786732680167, 1.0350986901627333], [0.06914861561730222, -0.4905450019873776, -0.766595826211587, 0.2895559321088722, -0.025489383261548273, -0.45593442409155915, -0.039944504523631054], [-1.2109889754758238, 0.4759025557191627, -0.23644308663323724, 0.8856259402154774, 0.26433582299708414, 0.6225843134637674, -1.3004492819826192], [-0.09119044476760874, 0.6678202733980159, -0.8450763339088766, -0.38108907817911064, 0.051173488239754455, -1.3488591319454493, 0.22940945905997792]], "b1": [[0.3651186862629133], [-1.088428225854415], [0.1548933780355067], [-1.4193302780359804], [0.09685254515493202], [-1.5888794328135907], [1.1464006631289574], [0.4691463392621662], [-0.00872281791191377], [-0.6871023971724968], [1.2139693616680496], [1.934455464892303], [-1.954741262346972], [1.038512609821982], [1.5339894860245495], [0.41632932789052374]], "W2": [[-1.1388057274519379, 0.8198225554774345, -0.21575551275056606, -0.5691896964492003, -1.2872947277069853, 0.5277091924309221, 0.7591887192981748, -0.6217111192795304, 0.5449808911383425, -1.1774436983108514, 0.685278453886572, 0.021520662852971103, -0.13250697533244016, -0.12732837186623988, 0.8056485256419834, 0.7421116833921125], [0.65140113481272, 0.11576441032625948, 0.07947054768521648, 0.7310219867190154, 0.1947711824064147, 0.6697598765704921, -0.3428123077291468, -2.4142631149144678, 1.1027547486123668, 2.1392590094708686, 0.30990734566092226, -0.1036633073604218, -0.07194198978545273, -0.10154051064417781, -0.04268961633333107, -1.0705750539427383], [-0.5163218735352733, -0.989546215201383, 0.2553123608928913, -0.3132076454093073, 0.5072533126474429, -0.16881731795263746, 0.9979905733321737, 0.22142713011351503, 2.1854643799516555, -1.8864544918950905, -0.6092690708221827, 0.9138671749929741, 2.521984963017127, -0.23560889027143614, 0.06238781868330919, -0.21852333280516464], [1.3648952113844937, -0.33406235733466344, 0.6627305611979876, -0.2470215658460691, -1.325730190745295, 0.3091783946688405, 0.45684882981234204, 1.2575377263849394, -0.10953004016563289, -0.6406767095784417, 0.441622046436188, 0.200050859370034, 0.3033983643926746, -0.11488250744755343, 1.1001955011453113, 0.34202405543201536], [2.121316154414651, 1.0901106714288988, 0.7292460050752089, -1.3522470739066603, 0.5561101396154667, 0.47483385785088117, 0.9436264888817303, 1.0919019889954864, -0.15492158747238038, 0.9465635895575504, -0.7070130547676434, 2.118475064096563, -1.1946623749068024, -1.6632129642589, -1.5665706885791393, -0.8312487194802612], [-1.3722112911557527, 1.9447580757498717, -0.42921215776780636, -1.6890242218917704, 1.1253396771950874, -0.6291764847348513, -1.300303344677038, 0.8241134642698651, 0.38761795579007535, -0.4690306557620382, 1.5956724159580684, 0.004171353186830018, 1.4813833517541726, 0.3654111220853524, 1.519650250824586, -0.021366152291702873], [-1.2386504963280573, 2.4724910550715427, -0.5379508434830166, -0.2333616937662002, -0.6760693360353297, -0.1991518862586531, 0.2744563275105983, 0.21988145459505798, 0.6688561404087073, 1.8136946204487707, -0.060549083197347316, -1.2058793268986523, -1.1884347674329234, -0.6432685541921193, -1.6371250731284674, 0.8357548145727635], [-0.45518365639143826, -0.3276282876769527, -0.0023498334215758215, -1.3647958342440998, -0.8833493981472815, 0.6690810589592088, 0.6298936635439569, -0.42948696515164037, 1.8459578163896646, -1.2997948239679284, -0.3945356972504989, -0.2158638104515308, -2.757593468800503, 1.9420057462258855, 0.35909661535320586, -1.0404686201794342], [2.0702698491101805, 0.5922590198191022, 0.4504521199430066, -0.5758790342437407, 0.11194233671675309, -1.50988025183258, 0.8261828540178635, -0.3645238843505107, 0.16914919274845466, 1.2327210906841275, 0.29142405911885666, 0.2964844286266312, 0.28755679124469685, -0.7094372134575306, 0.8672729826786565, 1.5549609836891503], [0.8404594732635526, 0.8283972501165051, -0.8975161718054185, -0.7455688991357701, -1.5188789747290607, 1.2148747029488476, -0.3051527891856234, 1.3750387530119628, -0.7386349439598552, -0.47409452171183686, -0.10384322429014126, 0.8837717017347947, 0.12235834790833854, 0.16852285738486955, -0.07373621915434382, 0.1576843624619675], [-0.9922795654659223, 0.07516144915444065, -0.12468499324176784, 0.10585476033861786, 0.47961774537411117, -0.6269687841130754, 0.014889839730991773, -0.2704465851565829, 0.5590296532469498, 0.898621220845618, -1.0002275134002174, 0.7009726818222402, 2.1439066974936187, -1.3944282106548027, -0.7399465491348344, -0.8426943818271864], [-0.38945224119520727, 1.6086415803951553, -0.06276926595328927, -0.822737573545966, 0.6123535682681567, -0.6476468650187519, 0.9874749530769553, 0.24979418514199409, 1.2323601663767634, -0.7805044109178627, 3.028217190805475, 0.6785302888192905, 0.5885698981723568, -0.1433721342775025, -0.8396558265516362, -0.917504006057323], [-0.34101956811792977, -0.7266108646594766, 0.23466364533988532, -1.108207029580223, 0.7127232233633762, 0.9265624605678164, -0.7177237235260812, 1.1906825628990088, -0.4107613378422386, 1.1133935866590012, 0.7036003697267639, 1.0684504057629485, -1.1279137441429121, -0.14277833039390428, 1.4813137174356727, -0.6563629864677462], [-2.049014576912094, -1.800115982909538, -2.3826197183752376, -2.3592502224027445, -0.20867790619669588, 1.3296697644350899, -0.0439822595117694, 0.5427044037815585, 0.016496673616975453, 0.28930761471492583, 0.3777462757195828, 0.17317744534533283, 0.4067724458769136, -0.9605807594219442, 1.4109966485620329, 1.0166004845963297], [-0.18682257181171855, 0.8242450808594024, -0.6778840130481251, -0.5241858667756562, 0.1723270117431951, -0.17987026804586312, -0.4135861907756633, -0.6546712134493278, -0.5272678207908045, 0.9664681749069652, -1.9160780903118904, 0.38818877074506514, -0.23150010707437943, 0.7557328829418081, 0.5504263298445576, -2.7672815305125287], [0.6009291058722381, 0.33225829334078727, 0.03715329265540668, -0.4616139716613202, 0.8643270163118013, -0.4005411239013184, 1.8595632953804433, 0.576704565207259, 2.1555083659799767, -0.7628691227014147, -1.7276798721241906, 0.7428938369554962, 0.855768865374407, 